STRUCTURE,STRUCTURE_ID,STRUCTURE_NAME,freq,Time frequency,size_emp,Size classes in number of persons employed,nace_r2,Statistical classification of economic activities in the European Community (NACE Rev. 2),indic_is,Information society indicator,unit,Unit of measure,geo,Geopolitical entity (reporting),TIME_PERIOD,Time,OBS_VALUE
dataflow,ESTAT:ISOC_CICCE_USE$DEFAULTVIEW(1.0),Cloud computing services by size class of enterprise,A,Annual,10-249,From 10 to 249 persons employed,C10-S951_X_K,"All activities (except agriculture, forestry and fishing, and mining and quarrying), without financial sector",E_CC,Buy cloud computing services used over the internet,PC_ENT,Percentage of enterprises,DE,Germany,2014,,10.73
dataflow,ESTAT:ISOC_CICCE_USE$DEFAULTVIEW(1.0),Cloud computing services by size class of enterprise,A,Annual,10-249,From 10 to 249 persons employed,C10-S951_X_K,"All activities (except agriculture, forestry and fishing, and mining and quarrying), without financial sector",E_CC,Buy cloud computing services used over the internet,PC_ENT,Percentage of enterprises,DE,Germany,2016,,15.55
dataflow,ESTAT:ISOC_CICCE_USE$DEFAULTVIEW(1.0),Cloud computing services by size class of enterprise,A,Annual,10-249,From 10 to 249 persons employed,C10-S951_X_K,"All activities (except agriculture, forestry and fishing, and mining and quarrying), without financial sector",E_CC,Buy cloud computing services used over the internet,PC_ENT,Percentage of enterprises,DE,Germany,2018,,21.56
dataflow,ESTAT:ISOC_CICCE_USE$DEFAULTVIEW(1.0),Cloud computing services by size class of enterprise,A,Annual,10-249,From 10 to 249 persons employed,C10-S951_X_K,"All activities (except agriculture, forestry and fishing, and mining and quarrying), without financial sector",E_CC,Buy cloud computing services used over the internet,PC_ENT,Percentage of enterprises,DE,Germany,2020,,32.35
dataflow,ESTAT:ISOC_CICCE_USE$DEFAULTVIEW(1.0),Cloud computing services by size class of enterprise,A,Annual,10-249,From 10 to 249 persons employed,C10-S951_X_K,"All activities (except agriculture, forestry and fishing, and mining and quarrying), without financial sector",E_CC,Buy cloud computing services used over the internet,PC_ENT,Percentage of enterprises,DE,Germany,2021,,40.61
dataflow,ESTAT:ISOC_CICCE_USE$DEFAULTVIEW(1.0),Cloud computing services by size class of enterprise,A,Annual,10-249,From 10 to 249 persons employed,C10-S951_X_K,"All activities (except agriculture, forestry and fishing, and mining and quarrying), without financial sector",E_CC,Buy cloud computing services used over the internet,PC_ENT,Percentage of enterprises,DE,Germany,2023,,45.97
dataflow,ESTAT:ISOC_CICCE_USE$DEFAULTVIEW(1.0),Cloud computing services by size class of enterprise,A,Annual,10-249,From 10 to 249 persons employed,C10-S951_X_K,"All activities (except agriculture, forestry and fishing, and mining and quarrying), without financial sector",E_CC1_B,"Enterprises buying only basic CC services, at least one of: CC_PEM, CC_PSOFT, CC_PFIL, CC_PCPU",PC_ENT,Percentage of enterprises,DE,Germany,2021,,6.7
dataflow,ESTAT:ISOC_CICCE_USE$DEFAULTVIEW(1.0),Cloud computing services by size class of enterprise,A,Annual,10-249,From 10 to 249 persons employed,C10-S951_X_K,"All activities (except agriculture, forestry and fishing, and mining and quarrying), without financial sector",E_CC1_B,"Enterprises buying only basic CC services, at least one of: CC_PEM, CC_PSOFT, CC_PFIL, CC_PCPU",PC_ENT,Percentage of enterprises,DE,Germany,2023,,7.21
dataflow,ESTAT:ISOC_CICCE_USE$DEFAULTVIEW(1.0),Cloud computing services by size class of enterprise,A,Annual,10-249,From 10 to 249 persons employed,C10-S951_X_K,"All activities (except agriculture, forestry and fishing, and mining and quarrying), without financial sector",E_CC1_I,"Enterprises buying at most  intermediate CC services, at least one of: CC_PFACC, CC_PERP, CC_PCRM",PC_ENT,Percentage of enterprises,DE,Germany,2021,,5.11
dataflow,ESTAT:ISOC_CICCE_USE$DEFAULTVIEW(1.0),Cloud computing services by size class of enterprise,A,Annual,10-249,From 10 to 249 persons employed,C10-S951_X_K,"All activities (except agriculture, forestry and fishing, and mining and quarrying), without financial sector",E_CC1_I,"Enterprises buying at most  intermediate CC services, at least one of: CC_PFACC, CC_PERP, CC_PCRM",PC_ENT,Percentage of enterprises,DE,Germany,2023,,6.81
dataflow,ESTAT:ISOC_CICCE_USE$DEFAULTVIEW(1.0),Cloud computing services by size class of enterprise,A,Annual,10-249,From 10 to 249 persons employed,C10-S951_X_K,"All activities (except agriculture, forestry and fishing, and mining and quarrying), without financial sector",E_CC1_S,"Enterprises buying sophisticated CC services, at least one of: CC_PSEC, CC_PDB, CC_PDEV",PC_ENT,Percentage of enterprises,DE,Germany,2021,,25.5
dataflow,ESTAT:ISOC_CICCE_USE$DEFAULTVIEW(1.0),Cloud computing services by size class of enterprise,A,Annual,10-249,From 10 to 249 persons employed,C10-S951_X_K,"All activities (except agriculture, forestry and fishing, and mining and quarrying), without financial sector",E_CC1_S,"Enterprises buying sophisticated CC services, at least one of: CC_PSEC, CC_PDB, CC_PDEV",PC_ENT,Percentage of enterprises,DE,Germany,2023,,30.11
dataflow,ESTAT:ISOC_CICCE_USE$DEFAULTVIEW(1.0),Cloud computing services by size class of enterprise,A,Annual,10-249,From 10 to 249 persons employed,C10-S951_X_K,"All activities (except agriculture, forestry and fishing, and mining and quarrying), without financial sector",E_CC1_SI,"Enterprises buying sophisticated or intermediate CC services, at least one of: CC_PFACC, CC_PERP, CC_PCRM, CC_PSEC, CC_PDB, CC_PDEV",PC_ENT,Percentage of enterprises,DE,Germany,2021,,31.03
dataflow,ESTAT:ISOC_CICCE_USE$DEFAULTVIEW(1.0),Cloud computing services by size class of enterprise,A,Annual,10-249,From 10 to 249 persons employed,C10-S951_X_K,"All activities (except agriculture, forestry and fishing, and mining and quarrying), without financial sector",E_CC1_SI,"Enterprises buying sophisticated or intermediate CC services, at least one of: CC_PFACC, CC_PERP, CC_PCRM, CC_PSEC, CC_PDB, CC_PDEV",PC_ENT,Percentage of enterprises,DE,Germany,2023,,37.49
dataflow,ESTAT:ISOC_CICCE_USE$DEFAULTVIEW(1.0),Cloud computing services by size class of enterprise,A,Annual,2049-10-01 00:00:00,From 10 to 49 persons employed,C10-S951_X_K,"All activities (except agriculture, forestry and fishing, and mining and quarrying), without financial sector",E_CC,Buy cloud computing services used over the internet,PC_ENT,Percentage of enterprises,DE,Germany,2014,,9.73
dataflow,ESTAT:ISOC_CICCE_USE$DEFAULTVIEW(1.0),Cloud computing services by size class of enterprise,A,Annual,2049-10-01 00:00:00,From 10 to 49 persons employed,C10-S951_X_K,"All activities (except agriculture, forestry and fishing, and mining and quarrying), without financial sector",E_CC,Buy cloud computing services used over the internet,PC_ENT,Percentage of enterprises,DE,Germany,2016,,14.62
dataflow,ESTAT:ISOC_CICCE_USE$DEFAULTVIEW(1.0),Cloud computing services by size class of enterprise,A,Annual,2049-10-01 00:00:00,From 10 to 49 persons employed,C10-S951_X_K,"All activities (except agriculture, forestry and fishing, and mining and quarrying), without financial sector",E_CC,Buy cloud computing services used over the internet,PC_ENT,Percentage of enterprises,DE,Germany,2018,,20.47
dataflow,ESTAT:ISOC_CICCE_USE$DEFAULTVIEW(1.0),Cloud computing services by size class of enterprise,A,Annual,2049-10-01 00:00:00,From 10 to 49 persons employed,C10-S951_X_K,"All activities (except agriculture, forestry and fishing, and mining and quarrying), without financial sector",E_CC,Buy cloud computing services used over the internet,PC_ENT,Percentage of enterprises,DE,Germany,2020,,30.62
dataflow,ESTAT:ISOC_CICCE_USE$DEFAULTVIEW(1.0),Cloud computing services by size class of enterprise,A,Annual,2049-10-01 00:00:00,From 10 to 49 persons employed,C10-S951_X_K,"All activities (except agriculture, forestry and fishing, and mining and quarrying), without financial sector",E_CC,Buy cloud computing services used over the internet,PC_ENT,Percentage of enterprises,DE,Germany,2021,,38.42
dataflow,ESTAT:ISOC_CICCE_USE$DEFAULTVIEW(1.0),Cloud computing services by size class of enterprise,A,Annual,2049-10-01 00:00:00,From 10 to 49 persons employed,C10-S951_X_K,"All activities (except agriculture, forestry and fishing, and mining and quarrying), without financial sector",E_CC,Buy cloud computing services used over the internet,PC_ENT,Percentage of enterprises,DE,Germany,2023,,43.34
dataflow,ESTAT:ISOC_CICCE_USE$DEFAULTVIEW(1.0),Cloud computing services by size class of enterprise,A,Annual,2049-10-01 00:00:00,From 10 to 49 persons employed,C10-S951_X_K,"All activities (except agriculture, forestry and fishing, and mining and quarrying), without financial sector",E_CC1_B,"Enterprises buying only basic CC services, at least one of: CC_PEM, CC_PSOFT, CC_PFIL, CC_PCPU",PC_ENT,Percentage of enterprises,DE,Germany,2021,,5.98
dataflow,ESTAT:ISOC_CICCE_USE$DEFAULTVIEW(1.0),Cloud computing services by size class of enterprise,A,Annual,2049-10-01 00:00:00,From 10 to 49 persons employed,C10-S951_X_K,"All activities (except agriculture, forestry and fishing, and mining and quarrying), without financial sector",E_CC1_B,"Enterprises buying only basic CC services, at least one of: CC_PEM, CC_PSOFT, CC_PFIL, CC_PCPU",PC_ENT,Percentage of enterprises,DE,Germany,2023,,6.69
dataflow,ESTAT:ISOC_CICCE_USE$DEFAULTVIEW(1.0),Cloud computing services by size class of enterprise,A,Annual,2049-10-01 00:00:00,From 10 to 49 persons employed,C10-S951_X_K,"All activities (except agriculture, forestry and fishing, and mining and quarrying), without financial sector",E_CC1_I,"Enterprises buying at most  intermediate CC services, at least one of: CC_PFACC, CC_PERP, CC_PCRM",PC_ENT,Percentage of enterprises,DE,Germany,2021,,4.96
dataflow,ESTAT:ISOC_CICCE_USE$DEFAULTVIEW(1.0),Cloud computing services by size class of enterprise,A,Annual,2049-10-01 00:00:00,From 10 to 49 persons employed,C10-S951_X_K,"All activities (except agriculture, forestry and fishing, and mining and quarrying), without financial sector",E_CC1_I,"Enterprises buying at most  intermediate CC services, at least one of: CC_PFACC, CC_PERP, CC_PCRM",PC_ENT,Percentage of enterprises,DE,Germany,2023,,6.97
dataflow,ESTAT:ISOC_CICCE_USE$DEFAULTVIEW(1.0),Cloud computing services by size class of enterprise,A,Annual,2049-10-01 00:00:00,From 10 to 49 persons employed,C10-S951_X_K,"All activities (except agriculture, forestry and fishing, and mining and quarrying), without financial sector",E_CC1_S,"Enterprises buying sophisticated CC services, at least one of: CC_PSEC, CC_PDB, CC_PDEV",PC_ENT,Percentage of enterprises,DE,Germany,2021,,23.94
dataflow,ESTAT:ISOC_CICCE_USE$DEFAULTVIEW(1.0),Cloud computing services by size class of enterprise,A,Annual,2049-10-01 00:00:00,From 10 to 49 persons employed,C10-S951_X_K,"All activities (except agriculture, forestry and fishing, and mining and quarrying), without financial sector",E_CC1_S,"Enterprises buying sophisticated CC services, at least one of: CC_PSEC, CC_PDB, CC_PDEV",PC_ENT,Percentage of enterprises,DE,Germany,2023,,27.88
dataflow,ESTAT:ISOC_CICCE_USE$DEFAULTVIEW(1.0),Cloud computing services by size class of enterprise,A,Annual,2049-10-01 00:00:00,From 10 to 49 persons employed,C10-S951_X_K,"All activities (except agriculture, forestry and fishing, and mining and quarrying), without financial sector",E_CC1_SI,"Enterprises buying sophisticated or intermediate CC services, at least one of: CC_PFACC, CC_PERP, CC_PCRM, CC_PSEC, CC_PDB, CC_PDEV",PC_ENT,Percentage of enterprises,DE,Germany,2021,,29.38
dataflow,ESTAT:ISOC_CICCE_USE$DEFAULTVIEW(1.0),Cloud computing services by size class of enterprise,A,Annual,2049-10-01 00:00:00,From 10 to 49 persons employed,C10-S951_X_K,"All activities (except agriculture, forestry and fishing, and mining and quarrying), without financial sector",E_CC1_SI,"Enterprises buying sophisticated or intermediate CC services, at least one of: CC_PFACC, CC_PERP, CC_PCRM, CC_PSEC, CC_PDB, CC_PDEV",PC_ENT,Percentage of enterprises,DE,Germany,2023,,35.45
dataflow,ESTAT:ISOC_CICCE_USE$DEFAULTVIEW(1.0),Cloud computing services by size class of enterprise,A,Annual,50-249,From 50 to 249 persons employed,C10-S951_X_K,"All activities (except agriculture, forestry and fishing, and mining and quarrying), without financial sector",E_CC,Buy cloud computing services used over the internet,PC_ENT,Percentage of enterprises,DE,Germany,2014,,15.56
dataflow,ESTAT:ISOC_CICCE_USE$DEFAULTVIEW(1.0),Cloud computing services by size class of enterprise,A,Annual,50-249,From 50 to 249 persons employed,C10-S951_X_K,"All activities (except agriculture, forestry and fishing, and mining and quarrying), without financial sector",E_CC,Buy cloud computing services used over the internet,PC_ENT,Percentage of enterprises,DE,Germany,2016,,20.36
dataflow,ESTAT:ISOC_CICCE_USE$DEFAULTVIEW(1.0),Cloud computing services by size class of enterprise,A,Annual,50-249,From 50 to 249 persons employed,C10-S951_X_K,"All activities (except agriculture, forestry and fishing, and mining and quarrying), without financial sector",E_CC,Buy cloud computing services used over the internet,PC_ENT,Percentage of enterprises,DE,Germany,2018,,27.16
dataflow,ESTAT:ISOC_CICCE_USE$DEFAULTVIEW(1.0),Cloud computing services by size class of enterprise,A,Annual,50-249,From 50 to 249 persons employed,C10-S951_X_K,"All activities (except agriculture, forestry and fishing, and mining and quarrying), without financial sector",E_CC,Buy cloud computing services used over the internet,PC_ENT,Percentage of enterprises,DE,Germany,2020,,41.18
dataflow,ESTAT:ISOC_CICCE_USE$DEFAULTVIEW(1.0),Cloud computing services by size class of enterprise,A,Annual,50-249,From 50 to 249 persons employed,C10-S951_X_K,"All activities (except agriculture, forestry and fishing, and mining and quarrying), without financial sector",E_CC,Buy cloud computing services used over the internet,PC_ENT,Percentage of enterprises,DE,Germany,2021,,51.77
dataflow,ESTAT:ISOC_CICCE_USE$DEFAULTVIEW(1.0),Cloud computing services by size class of enterprise,A,Annual,50-249,From 50 to 249 persons employed,C10-S951_X_K,"All activities (except agriculture, forestry and fishing, and mining and quarrying), without financial sector",E_CC,Buy cloud computing services used over the internet,PC_ENT,Percentage of enterprises,DE,Germany,2023,,59.43
dataflow,ESTAT:ISOC_CICCE_USE$DEFAULTVIEW(1.0),Cloud computing services by size class of enterprise,A,Annual,50-249,From 50 to 249 persons employed,C10-S951_X_K,"All activities (except agriculture, forestry and fishing, and mining and quarrying), without financial sector",E_CC1_B,"Enterprises buying only basic CC services, at least one of: CC_PEM, CC_PSOFT, CC_PFIL, CC_PCPU",PC_ENT,Percentage of enterprises,DE,Germany,2021,,10.33
dataflow,ESTAT:ISOC_CICCE_USE$DEFAULTVIEW(1.0),Cloud computing services by size class of enterprise,A,Annual,50-249,From 50 to 249 persons employed,C10-S951_X_K,"All activities (except agriculture, forestry and fishing, and mining and quarrying), without financial sector",E_CC1_B,"Enterprises buying only basic CC services, at least one of: CC_PEM, CC_PSOFT, CC_PFIL, CC_PCPU",PC_ENT,Percentage of enterprises,DE,Germany,2023,,9.9
dataflow,ESTAT:ISOC_CICCE_USE$DEFAULTVIEW(1.0),Cloud computing services by size class of enterprise,A,Annual,50-249,From 50 to 249 persons employed,C10-S951_X_K,"All activities (except agriculture, forestry and fishing, and mining and quarrying), without financial sector",E_CC1_I,"Enterprises buying at most  intermediate CC services, at least one of: CC_PFACC, CC_PERP, CC_PCRM",PC_ENT,Percentage of enterprises,DE,Germany,2021,,5.83
dataflow,ESTAT:ISOC_CICCE_USE$DEFAULTVIEW(1.0),Cloud computing services by size class of enterprise,A,Annual,50-249,From 50 to 249 persons employed,C10-S951_X_K,"All activities (except agriculture, forestry and fishing, and mining and quarrying), without financial sector",E_CC1_I,"Enterprises buying at most  intermediate CC services, at least one of: CC_PFACC, CC_PERP, CC_PCRM",PC_ENT,Percentage of enterprises,DE,Germany,2023,,6.01
dataflow,ESTAT:ISOC_CICCE_USE$DEFAULTVIEW(1.0),Cloud computing services by size class of enterprise,A,Annual,50-249,From 50 to 249 persons employed,C10-S951_X_K,"All activities (except agriculture, forestry and fishing, and mining and quarrying), without financial sector",E_CC1_S,"Enterprises buying sophisticated CC services, at least one of: CC_PSEC, CC_PDB, CC_PDEV",PC_ENT,Percentage of enterprises,DE,Germany,2021,,33.4
dataflow,ESTAT:ISOC_CICCE_USE$DEFAULTVIEW(1.0),Cloud computing services by size class of enterprise,A,Annual,50-249,From 50 to 249 persons employed,C10-S951_X_K,"All activities (except agriculture, forestry and fishing, and mining and quarrying), without financial sector",E_CC1_S,"Enterprises buying sophisticated CC services, at least one of: CC_PSEC, CC_PDB, CC_PDEV",PC_ENT,Percentage of enterprises,DE,Germany,2023,,41.51
dataflow,ESTAT:ISOC_CICCE_USE$DEFAULTVIEW(1.0),Cloud computing services by size class of enterprise,A,Annual,50-249,From 50 to 249 persons employed,C10-S951_X_K,"All activities (except agriculture, forestry and fishing, and mining and quarrying), without financial sector",E_CC1_SI,"Enterprises buying sophisticated or intermediate CC services, at least one of: CC_PFACC, CC_PERP, CC_PCRM, CC_PSEC, CC_PDB, CC_PDEV",PC_ENT,Percentage of enterprises,DE,Germany,2021,,39.44
dataflow,ESTAT:ISOC_CICCE_USE$DEFAULTVIEW(1.0),Cloud computing services by size class of enterprise,A,Annual,50-249,From 50 to 249 persons employed,C10-S951_X_K,"All activities (except agriculture, forestry and fishing, and mining and quarrying), without financial sector",E_CC1_SI,"Enterprises buying sophisticated or intermediate CC services, at least one of: CC_PFACC, CC_PERP, CC_PCRM, CC_PSEC, CC_PDB, CC_PDEV",PC_ENT,Percentage of enterprises,DE,Germany,2023,,47.94
dataflow,ESTAT:ISOC_CICCE_USE$DEFAULTVIEW(1.0),Cloud computing services by size class of enterprise,A,Annual,GE10,10 persons employed or more,C10-S951_X_K,"All activities (except agriculture, forestry and fishing, and mining and quarrying), without financial sector",E_CC,Buy cloud computing services used over the internet,PC_ENT,Percentage of enterprises,DE,Germany,2014,,11.29
dataflow,ESTAT:ISOC_CICCE_USE$DEFAULTVIEW(1.0),Cloud computing services by size class of enterprise,A,Annual,GE10,10 persons employed or more,C10-S951_X_K,"All activities (except agriculture, forestry and fishing, and mining and quarrying), without financial sector",E_CC,Buy cloud computing services used over the internet,PC_ENT,Percentage of enterprises,DE,Germany,2016,,16.26
dataflow,ESTAT:ISOC_CICCE_USE$DEFAULTVIEW(1.0),Cloud computing services by size class of enterprise,A,Annual,GE10,10 persons employed or more,C10-S951_X_K,"All activities (except agriculture, forestry and fishing, and mining and quarrying), without financial sector",E_CC,Buy cloud computing services used over the internet,PC_ENT,Percentage of enterprises,DE,Germany,2018,,22.43
dataflow,ESTAT:ISOC_CICCE_USE$DEFAULTVIEW(1.0),Cloud computing services by size class of enterprise,A,Annual,GE10,10 persons employed or more,C10-S951_X_K,"All activities (except agriculture, forestry and fishing, and mining and quarrying), without financial sector",E_CC,Buy cloud computing services used over the internet,PC_ENT,Percentage of enterprises,DE,Germany,2020,,33.32
dataflow,ESTAT:ISOC_CICCE_USE$DEFAULTVIEW(1.0),Cloud computing services by size class of enterprise,A,Annual,GE10,10 persons employed or more,C10-S951_X_K,"All activities (except agriculture, forestry and fishing, and mining and quarrying), without financial sector",E_CC,Buy cloud computing services used over the internet,PC_ENT,Percentage of enterprises,DE,Germany,2021,,41.6
dataflow,ESTAT:ISOC_CICCE_USE$DEFAULTVIEW(1.0),Cloud computing services by size class of enterprise,A,Annual,GE10,10 persons employed or more,C10-S951_X_K,"All activities (except agriculture, forestry and fishing, and mining and quarrying), without financial sector",E_CC,Buy cloud computing services used over the internet,PC_ENT,Percentage of enterprises,DE,Germany,2023,,47.0
dataflow,ESTAT:ISOC_CICCE_USE$DEFAULTVIEW(1.0),Cloud computing services by size class of enterprise,A,Annual,GE10,10 persons employed or more,C10-S951_X_K,"All activities (except agriculture, forestry and fishing, and mining and quarrying), without financial sector",E_CC1_B,"Enterprises buying only basic CC services, at least one of: CC_PEM, CC_PSOFT, CC_PFIL, CC_PCPU",PC_ENT,Percentage of enterprises,DE,Germany,2021,,6.89
dataflow,ESTAT:ISOC_CICCE_USE$DEFAULTVIEW(1.0),Cloud computing services by size class of enterprise,A,Annual,GE10,10 persons employed or more,C10-S951_X_K,"All activities (except agriculture, forestry and fishing, and mining and quarrying), without financial sector",E_CC1_B,"Enterprises buying only basic CC services, at least one of: CC_PEM, CC_PSOFT, CC_PFIL, CC_PCPU",PC_ENT,Percentage of enterprises,DE,Germany,2023,,7.22
dataflow,ESTAT:ISOC_CICCE_USE$DEFAULTVIEW(1.0),Cloud computing services by size class of enterprise,A,Annual,GE10,10 persons employed or more,C10-S951_X_K,"All activities (except agriculture, forestry and fishing, and mining and quarrying), without financial sector",E_CC1_I,"Enterprises buying at most  intermediate CC services, at least one of: CC_PFACC, CC_PERP, CC_PCRM",PC_ENT,Percentage of enterprises,DE,Germany,2021,,5.11
dataflow,ESTAT:ISOC_CICCE_USE$DEFAULTVIEW(1.0),Cloud computing services by size class of enterprise,A,Annual,GE10,10 persons employed or more,C10-S951_X_K,"All activities (except agriculture, forestry and fishing, and mining and quarrying), without financial sector",E_CC1_I,"Enterprises buying at most  intermediate CC services, at least one of: CC_PFACC, CC_PERP, CC_PCRM",PC_ENT,Percentage of enterprises,DE,Germany,2023,,6.78
dataflow,ESTAT:ISOC_CICCE_USE$DEFAULTVIEW(1.0),Cloud computing services by size class of enterprise,A,Annual,GE10,10 persons employed or more,C10-S951_X_K,"All activities (except agriculture, forestry and fishing, and mining and quarrying), without financial sector",E_CC1_S,"Enterprises buying sophisticated CC services, at least one of: CC_PSEC, CC_PDB, CC_PDEV",PC_ENT,Percentage of enterprises,DE,Germany,2021,,26.28
dataflow,ESTAT:ISOC_CICCE_USE$DEFAULTVIEW(1.0),Cloud computing services by size class of enterprise,A,Annual,GE10,10 persons employed or more,C10-S951_X_K,"All activities (except agriculture, forestry and fishing, and mining and quarrying), without financial sector",E_CC1_S,"Enterprises buying sophisticated CC services, at least one of: CC_PSEC, CC_PDB, CC_PDEV",PC_ENT,Percentage of enterprises,DE,Germany,2023,,31.15
dataflow,ESTAT:ISOC_CICCE_USE$DEFAULTVIEW(1.0),Cloud computing services by size class of enterprise,A,Annual,GE10,10 persons employed or more,C10-S951_X_K,"All activities (except agriculture, forestry and fishing, and mining and quarrying), without financial sector",E_CC1_SI,"Enterprises buying sophisticated or intermediate CC services, at least one of: CC_PFACC, CC_PERP, CC_PCRM, CC_PSEC, CC_PDB, CC_PDEV",PC_ENT,Percentage of enterprises,DE,Germany,2021,,31.83
dataflow,ESTAT:ISOC_CICCE_USE$DEFAULTVIEW(1.0),Cloud computing services by size class of enterprise,A,Annual,GE10,10 persons employed or more,C10-S951_X_K,"All activities (except agriculture, forestry and fishing, and mining and quarrying), without financial sector",E_CC1_SI,"Enterprises buying sophisticated or intermediate CC services, at least one of: CC_PFACC, CC_PERP, CC_PCRM, CC_PSEC, CC_PDB, CC_PDEV",PC_ENT,Percentage of enterprises,DE,Germany,2023,,38.5
dataflow,ESTAT:ISOC_CICCE_USE$DEFAULTVIEW(1.0),Cloud computing services by size class of enterprise,A,Annual,GE250,250 persons employed or more,C10-S951_X_K,"All activities (except agriculture, forestry and fishing, and mining and quarrying), without financial sector",E_CC,Buy cloud computing services used over the internet,PC_ENT,Percentage of enterprises,DE,Germany,2014,,26.84
dataflow,ESTAT:ISOC_CICCE_USE$DEFAULTVIEW(1.0),Cloud computing services by size class of enterprise,A,Annual,GE250,250 persons employed or more,C10-S951_X_K,"All activities (except agriculture, forestry and fishing, and mining and quarrying), without financial sector",E_CC,Buy cloud computing services used over the internet,PC_ENT,Percentage of enterprises,DE,Germany,2016,,38.23
dataflow,ESTAT:ISOC_CICCE_USE$DEFAULTVIEW(1.0),Cloud computing services by size class of enterprise,A,Annual,GE250,250 persons employed or more,C10-S951_X_K,"All activities (except agriculture, forestry and fishing, and mining and quarrying), without financial sector",E_CC,Buy cloud computing services used over the internet,PC_ENT,Percentage of enterprises,DE,Germany,2018,,48.69
dataflow,ESTAT:ISOC_CICCE_USE$DEFAULTVIEW(1.0),Cloud computing services by size class of enterprise,A,Annual,GE250,250 persons employed or more,C10-S951_X_K,"All activities (except agriculture, forestry and fishing, and mining and quarrying), without financial sector",E_CC,Buy cloud computing services used over the internet,PC_ENT,Percentage of enterprises,DE,Germany,2020,,62.05
dataflow,ESTAT:ISOC_CICCE_USE$DEFAULTVIEW(1.0),Cloud computing services by size class of enterprise,A,Annual,GE250,250 persons employed or more,C10-S951_X_K,"All activities (except agriculture, forestry and fishing, and mining and quarrying), without financial sector",E_CC,Buy cloud computing services used over the internet,PC_ENT,Percentage of enterprises,DE,Germany,2021,,70.83
dataflow,ESTAT:ISOC_CICCE_USE$DEFAULTVIEW(1.0),Cloud computing services by size class of enterprise,A,Annual,GE250,250 persons employed or more,C10-S951_X_K,"All activities (except agriculture, forestry and fishing, and mining and quarrying), without financial sector",E_CC,Buy cloud computing services used over the internet,PC_ENT,Percentage of enterprises,DE,Germany,2023,,77.6
dataflow,ESTAT:ISOC_CICCE_USE$DEFAULTVIEW(1.0),Cloud computing services by size class of enterprise,A,Annual,GE250,250 persons employed or more,C10-S951_X_K,"All activities (except agriculture, forestry and fishing, and mining and quarrying), without financial sector",E_CC1_B,"Enterprises buying only basic CC services, at least one of: CC_PEM, CC_PSOFT, CC_PFIL, CC_PCPU",PC_ENT,Percentage of enterprises,DE,Germany,2021,,12.81
dataflow,ESTAT:ISOC_CICCE_USE$DEFAULTVIEW(1.0),Cloud computing services by size class of enterprise,A,Annual,GE250,250 persons employed or more,C10-S951_X_K,"All activities (except agriculture, forestry and fishing, and mining and quarrying), without financial sector",E_CC1_B,"Enterprises buying only basic CC services, at least one of: CC_PEM, CC_PSOFT, CC_PFIL, CC_PCPU",PC_ENT,Percentage of enterprises,DE,Germany,2023,,7.29
dataflow,ESTAT:ISOC_CICCE_USE$DEFAULTVIEW(1.0),Cloud computing services by size class of enterprise,A,Annual,GE250,250 persons employed or more,C10-S951_X_K,"All activities (except agriculture, forestry and fishing, and mining and quarrying), without financial sector",E_CC1_I,"Enterprises buying at most  intermediate CC services, at least one of: CC_PFACC, CC_PERP, CC_PCRM",PC_ENT,Percentage of enterprises,DE,Germany,2021,,5.31
dataflow,ESTAT:ISOC_CICCE_USE$DEFAULTVIEW(1.0),Cloud computing services by size class of enterprise,A,Annual,GE250,250 persons employed or more,C10-S951_X_K,"All activities (except agriculture, forestry and fishing, and mining and quarrying), without financial sector",E_CC1_I,"Enterprises buying at most  intermediate CC services, at least one of: CC_PFACC, CC_PERP, CC_PCRM",PC_ENT,Percentage of enterprises,DE,Germany,2023,,5.88
dataflow,ESTAT:ISOC_CICCE_USE$DEFAULTVIEW(1.0),Cloud computing services by size class of enterprise,A,Annual,GE250,250 persons employed or more,C10-S951_X_K,"All activities (except agriculture, forestry and fishing, and mining and quarrying), without financial sector",E_CC1_S,"Enterprises buying sophisticated CC services, at least one of: CC_PSEC, CC_PDB, CC_PDEV",PC_ENT,Percentage of enterprises,DE,Germany,2021,,49.48
dataflow,ESTAT:ISOC_CICCE_USE$DEFAULTVIEW(1.0),Cloud computing services by size class of enterprise,A,Annual,GE250,250 persons employed or more,C10-S951_X_K,"All activities (except agriculture, forestry and fishing, and mining and quarrying), without financial sector",E_CC1_S,"Enterprises buying sophisticated CC services, at least one of: CC_PSEC, CC_PDB, CC_PDEV",PC_ENT,Percentage of enterprises,DE,Germany,2023,,62.12
dataflow,ESTAT:ISOC_CICCE_USE$DEFAULTVIEW(1.0),Cloud computing services by size class of enterprise,A,Annual,GE250,250 persons employed or more,C10-S951_X_K,"All activities (except agriculture, forestry and fishing, and mining and quarrying), without financial sector",E_CC1_SI,"Enterprises buying sophisticated or intermediate CC services, at least one of: CC_PFACC, CC_PERP, CC_PCRM, CC_PSEC, CC_PDB, CC_PDEV",PC_ENT,Percentage of enterprises,DE,Germany,2021,,55.26
dataflow,ESTAT:ISOC_CICCE_USE$DEFAULTVIEW(1.0),Cloud computing services by size class of enterprise,A,Annual,GE250,250 persons employed or more,C10-S951_X_K,"All activities (except agriculture, forestry and fishing, and mining and quarrying), without financial sector",E_CC1_SI,"Enterprises buying sophisticated or intermediate CC services, at least one of: CC_PFACC, CC_PERP, CC_PCRM, CC_PSEC, CC_PDB, CC_PDEV",PC_ENT,Percentage of enterprises,DE,Germany,2023,,68.41
dataflow,ESTAT:ISOC_CICCE_USE$DEFAULTVIEW(1.0),Cloud computing services by size class of enterprise,A,Annual,10-249,From 10 to 249 persons employed,C10-S951_X_K,"All activities (except agriculture, forestry and fishing, and mining and quarrying), without financial sector",E_CC,Buy cloud computing services used over the internet,PC_ENT,Percentage of enterprises,IE,Ireland,2014,,26.95
dataflow,ESTAT:ISOC_CICCE_USE$DEFAULTVIEW(1.0),Cloud computing services by size class of enterprise,A,Annual,10-249,From 10 to 249 persons employed,C10-S951_X_K,"All activities (except agriculture, forestry and fishing, and mining and quarrying), without financial sector",E_CC,Buy cloud computing services used over the internet,PC_ENT,Percentage of enterprises,IE,Ireland,2015,,34.51
dataflow,ESTAT:ISOC_CICCE_USE$DEFAULTVIEW(1.0),Cloud computing services by size class of enterprise,A,Annual,10-249,From 10 to 249 persons employed,C10-S951_X_K,"All activities (except agriculture, forestry and fishing, and mining and quarrying), without financial sector",E_CC,Buy cloud computing services used over the internet,PC_ENT,Percentage of enterprises,IE,Ireland,2016,,35.24
dataflow,ESTAT:ISOC_CICCE_USE$DEFAULTVIEW(1.0),Cloud computing services by size class of enterprise,A,Annual,10-249,From 10 to 249 persons employed,C10-S951_X_K,"All activities (except agriculture, forestry and fishing, and mining and quarrying), without financial sector",E_CC,Buy cloud computing services used over the internet,PC_ENT,Percentage of enterprises,IE,Ireland,2018,,44.73
dataflow,ESTAT:ISOC_CICCE_USE$DEFAULTVIEW(1.0),Cloud computing services by size class of enterprise,A,Annual,10-249,From 10 to 249 persons employed,C10-S951_X_K,"All activities (except agriculture, forestry and fishing, and mining and quarrying), without financial sector",E_CC,Buy cloud computing services used over the internet,PC_ENT,Percentage of enterprises,IE,Ireland,2020,,50.1
dataflow,ESTAT:ISOC_CICCE_USE$DEFAULTVIEW(1.0),Cloud computing services by size class of enterprise,A,Annual,10-249,From 10 to 249 persons employed,C10-S951_X_K,"All activities (except agriculture, forestry and fishing, and mining and quarrying), without financial sector",E_CC,Buy cloud computing services used over the internet,PC_ENT,Percentage of enterprises,IE,Ireland,2021,,57.94
dataflow,ESTAT:ISOC_CICCE_USE$DEFAULTVIEW(1.0),Cloud computing services by size class of enterprise,A,Annual,10-249,From 10 to 249 persons employed,C10-S951_X_K,"All activities (except agriculture, forestry and fishing, and mining and quarrying), without financial sector",E_CC,Buy cloud computing services used over the internet,PC_ENT,Percentage of enterprises,IE,Ireland,2023,,62.41
dataflow,ESTAT:ISOC_CICCE_USE$DEFAULTVIEW(1.0),Cloud computing services by size class of enterprise,A,Annual,10-249,From 10 to 249 persons employed,C10-S951_X_K,"All activities (except agriculture, forestry and fishing, and mining and quarrying), without financial sector",E_CC1_B,"Enterprises buying only basic CC services, at least one of: CC_PEM, CC_PSOFT, CC_PFIL, CC_PCPU",PC_ENT,Percentage of enterprises,IE,Ireland,2021,,11.4
dataflow,ESTAT:ISOC_CICCE_USE$DEFAULTVIEW(1.0),Cloud computing services by size class of enterprise,A,Annual,10-249,From 10 to 249 persons employed,C10-S951_X_K,"All activities (except agriculture, forestry and fishing, and mining and quarrying), without financial sector",E_CC1_B,"Enterprises buying only basic CC services, at least one of: CC_PEM, CC_PSOFT, CC_PFIL, CC_PCPU",PC_ENT,Percentage of enterprises,IE,Ireland,2023,,9.66
dataflow,ESTAT:ISOC_CICCE_USE$DEFAULTVIEW(1.0),Cloud computing services by size class of enterprise,A,Annual,10-249,From 10 to 249 persons employed,C10-S951_X_K,"All activities (except agriculture, forestry and fishing, and mining and quarrying), without financial sector",E_CC1_I,"Enterprises buying at most  intermediate CC services, at least one of: CC_PFACC, CC_PERP, CC_PCRM",PC_ENT,Percentage of enterprises,IE,Ireland,2021,,8.79
dataflow,ESTAT:ISOC_CICCE_USE$DEFAULTVIEW(1.0),Cloud computing services by size class of enterprise,A,Annual,10-249,From 10 to 249 persons employed,C10-S951_X_K,"All activities (except agriculture, forestry and fishing, and mining and quarrying), without financial sector",E_CC1_I,"Enterprises buying at most  intermediate CC services, at least one of: CC_PFACC, CC_PERP, CC_PCRM",PC_ENT,Percentage of enterprises,IE,Ireland,2023,,10.75
dataflow,ESTAT:ISOC_CICCE_USE$DEFAULTVIEW(1.0),Cloud computing services by size class of enterprise,A,Annual,10-249,From 10 to 249 persons employed,C10-S951_X_K,"All activities (except agriculture, forestry and fishing, and mining and quarrying), without financial sector",E_CC1_S,"Enterprises buying sophisticated CC services, at least one of: CC_PSEC, CC_PDB, CC_PDEV",PC_ENT,Percentage of enterprises,IE,Ireland,2021,,37.75
dataflow,ESTAT:ISOC_CICCE_USE$DEFAULTVIEW(1.0),Cloud computing services by size class of enterprise,A,Annual,10-249,From 10 to 249 persons employed,C10-S951_X_K,"All activities (except agriculture, forestry and fishing, and mining and quarrying), without financial sector",E_CC1_S,"Enterprises buying sophisticated CC services, at least one of: CC_PSEC, CC_PDB, CC_PDEV",PC_ENT,Percentage of enterprises,IE,Ireland,2023,,41.53
dataflow,ESTAT:ISOC_CICCE_USE$DEFAULTVIEW(1.0),Cloud computing services by size class of enterprise,A,Annual,10-249,From 10 to 249 persons employed,C10-S951_X_K,"All activities (except agriculture, forestry and fishing, and mining and quarrying), without financial sector",E_CC1_SI,"Enterprises buying sophisticated or intermediate CC services, at least one of: CC_PFACC, CC_PERP, CC_PCRM, CC_PSEC, CC_PDB, CC_PDEV",PC_ENT,Percentage of enterprises,IE,Ireland,2021,,46.54
dataflow,ESTAT:ISOC_CICCE_USE$DEFAULTVIEW(1.0),Cloud computing services by size class of enterprise,A,Annual,10-249,From 10 to 249 persons employed,C10-S951_X_K,"All activities (except agriculture, forestry and fishing, and mining and quarrying), without financial sector",E_CC1_SI,"Enterprises buying sophisticated or intermediate CC services, at least one of: CC_PFACC, CC_PERP, CC_PCRM, CC_PSEC, CC_PDB, CC_PDEV",PC_ENT,Percentage of enterprises,IE,Ireland,2023,,52.28
dataflow,ESTAT:ISOC_CICCE_USE$DEFAULTVIEW(1.0),Cloud computing services by size class of enterprise,A,Annual,2049-10-01 00:00:00,From 10 to 49 persons employed,C10-S951_X_K,"All activities (except agriculture, forestry and fishing, and mining and quarrying), without financial sector",E_CC,Buy cloud computing services used over the internet,PC_ENT,Percentage of enterprises,IE,Ireland,2014,,25.25
dataflow,ESTAT:ISOC_CICCE_USE$DEFAULTVIEW(1.0),Cloud computing services by size class of enterprise,A,Annual,2049-10-01 00:00:00,From 10 to 49 persons employed,C10-S951_X_K,"All activities (except agriculture, forestry and fishing, and mining and quarrying), without financial sector",E_CC,Buy cloud computing services used over the internet,PC_ENT,Percentage of enterprises,IE,Ireland,2015,,31.72
dataflow,ESTAT:ISOC_CICCE_USE$DEFAULTVIEW(1.0),Cloud computing services by size class of enterprise,A,Annual,2049-10-01 00:00:00,From 10 to 49 persons employed,C10-S951_X_K,"All activities (except agriculture, forestry and fishing, and mining and quarrying), without financial sector",E_CC,Buy cloud computing services used over the internet,PC_ENT,Percentage of enterprises,IE,Ireland,2016,,32.45
dataflow,ESTAT:ISOC_CICCE_USE$DEFAULTVIEW(1.0),Cloud computing services by size class of enterprise,A,Annual,2049-10-01 00:00:00,From 10 to 49 persons employed,C10-S951_X_K,"All activities (except agriculture, forestry and fishing, and mining and quarrying), without financial sector",E_CC,Buy cloud computing services used over the internet,PC_ENT,Percentage of enterprises,IE,Ireland,2018,,42.36
dataflow,ESTAT:ISOC_CICCE_USE$DEFAULTVIEW(1.0),Cloud computing services by size class of enterprise,A,Annual,2049-10-01 00:00:00,From 10 to 49 persons employed,C10-S951_X_K,"All activities (except agriculture, forestry and fishing, and mining and quarrying), without financial sector",E_CC,Buy cloud computing services used over the internet,PC_ENT,Percentage of enterprises,IE,Ireland,2020,,47.39
dataflow,ESTAT:ISOC_CICCE_USE$DEFAULTVIEW(1.0),Cloud computing services by size class of enterprise,A,Annual,2049-10-01 00:00:00,From 10 to 49 persons employed,C10-S951_X_K,"All activities (except agriculture, forestry and fishing, and mining and quarrying), without financial sector",E_CC,Buy cloud computing services used over the internet,PC_ENT,Percentage of enterprises,IE,Ireland,2021,,55.97
dataflow,ESTAT:ISOC_CICCE_USE$DEFAULTVIEW(1.0),Cloud computing services by size class of enterprise,A,Annual,2049-10-01 00:00:00,From 10 to 49 persons employed,C10-S951_X_K,"All activities (except agriculture, forestry and fishing, and mining and quarrying), without financial sector",E_CC,Buy cloud computing services used over the internet,PC_ENT,Percentage of enterprises,IE,Ireland,2023,,59.43
dataflow,ESTAT:ISOC_CICCE_USE$DEFAULTVIEW(1.0),Cloud computing services by size class of enterprise,A,Annual,2049-10-01 00:00:00,From 10 to 49 persons employed,C10-S951_X_K,"All activities (except agriculture, forestry and fishing, and mining and quarrying), without financial sector",E_CC1_B,"Enterprises buying only basic CC services, at least one of: CC_PEM, CC_PSOFT, CC_PFIL, CC_PCPU",PC_ENT,Percentage of enterprises,IE,Ireland,2021,,11.34
dataflow,ESTAT:ISOC_CICCE_USE$DEFAULTVIEW(1.0),Cloud computing services by size class of enterprise,A,Annual,2049-10-01 00:00:00,From 10 to 49 persons employed,C10-S951_X_K,"All activities (except agriculture, forestry and fishing, and mining and quarrying), without financial sector",E_CC1_B,"Enterprises buying only basic CC services, at least one of: CC_PEM, CC_PSOFT, CC_PFIL, CC_PCPU",PC_ENT,Percentage of enterprises,IE,Ireland,2023,,10.01
dataflow,ESTAT:ISOC_CICCE_USE$DEFAULTVIEW(1.0),Cloud computing services by size class of enterprise,A,Annual,2049-10-01 00:00:00,From 10 to 49 persons employed,C10-S951_X_K,"All activities (except agriculture, forestry and fishing, and mining and quarrying), without financial sector",E_CC1_I,"Enterprises buying at most  intermediate CC services, at least one of: CC_PFACC, CC_PERP, CC_PCRM",PC_ENT,Percentage of enterprises,IE,Ireland,2021,,9.86
dataflow,ESTAT:ISOC_CICCE_USE$DEFAULTVIEW(1.0),Cloud computing services by size class of enterprise,A,Annual,2049-10-01 00:00:00,From 10 to 49 persons employed,C10-S951_X_K,"All activities (except agriculture, forestry and fishing, and mining and quarrying), without financial sector",E_CC1_I,"Enterprises buying at most  intermediate CC services, at least one of: CC_PFACC, CC_PERP, CC_PCRM",PC_ENT,Percentage of enterprises,IE,Ireland,2023,,10.05
dataflow,ESTAT:ISOC_CICCE_USE$DEFAULTVIEW(1.0),Cloud computing services by size class of enterprise,A,Annual,2049-10-01 00:00:00,From 10 to 49 persons employed,C10-S951_X_K,"All activities (except agriculture, forestry and fishing, and mining and quarrying), without financial sector",E_CC1_S,"Enterprises buying sophisticated CC services, at least one of: CC_PSEC, CC_PDB, CC_PDEV",PC_ENT,Percentage of enterprises,IE,Ireland,2021,,34.78
dataflow,ESTAT:ISOC_CICCE_USE$DEFAULTVIEW(1.0),Cloud computing services by size class of enterprise,A,Annual,2049-10-01 00:00:00,From 10 to 49 persons employed,C10-S951_X_K,"All activities (except agriculture, forestry and fishing, and mining and quarrying), without financial sector",E_CC1_S,"Enterprises buying sophisticated CC services, at least one of: CC_PSEC, CC_PDB, CC_PDEV",PC_ENT,Percentage of enterprises,IE,Ireland,2023,,38.82
dataflow,ESTAT:ISOC_CICCE_USE$DEFAULTVIEW(1.0),Cloud computing services by size class of enterprise,A,Annual,2049-10-01 00:00:00,From 10 to 49 persons employed,C10-S951_X_K,"All activities (except agriculture, forestry and fishing, and mining and quarrying), without financial sector",E_CC1_SI,"Enterprises buying sophisticated or intermediate CC services, at least one of: CC_PFACC, CC_PERP, CC_PCRM, CC_PSEC, CC_PDB, CC_PDEV",PC_ENT,Percentage of enterprises,IE,Ireland,2021,,44.63
dataflow,ESTAT:ISOC_CICCE_USE$DEFAULTVIEW(1.0),Cloud computing services by size class of enterprise,A,Annual,2049-10-01 00:00:00,From 10 to 49 persons employed,C10-S951_X_K,"All activities (except agriculture, forestry and fishing, and mining and quarrying), without financial sector",E_CC1_SI,"Enterprises buying sophisticated or intermediate CC services, at least one of: CC_PFACC, CC_PERP, CC_PCRM, CC_PSEC, CC_PDB, CC_PDEV",PC_ENT,Percentage of enterprises,IE,Ireland,2023,,48.87
dataflow,ESTAT:ISOC_CICCE_USE$DEFAULTVIEW(1.0),Cloud computing services by size class of enterprise,A,Annual,50-249,From 50 to 249 persons employed,C10-S951_X_K,"All activities (except agriculture, forestry and fishing, and mining and quarrying), without financial sector",E_CC,Buy cloud computing services used over the internet,PC_ENT,Percentage of enterprises,IE,Ireland,2014,,35.99
dataflow,ESTAT:ISOC_CICCE_USE$DEFAULTVIEW(1.0),Cloud computing services by size class of enterprise,A,Annual,50-249,From 50 to 249 persons employed,C10-S951_X_K,"All activities (except agriculture, forestry and fishing, and mining and quarrying), without financial sector",E_CC,Buy cloud computing services used over the internet,PC_ENT,Percentage of enterprises,IE,Ireland,2015,,49.27
dataflow,ESTAT:ISOC_CICCE_USE$DEFAULTVIEW(1.0),Cloud computing services by size class of enterprise,A,Annual,50-249,From 50 to 249 persons employed,C10-S951_X_K,"All activities (except agriculture, forestry and fishing, and mining and quarrying), without financial sector",E_CC,Buy cloud computing services used over the internet,PC_ENT,Percentage of enterprises,IE,Ireland,2016,,50.05
dataflow,ESTAT:ISOC_CICCE_USE$DEFAULTVIEW(1.0),Cloud computing services by size class of enterprise,A,Annual,50-249,From 50 to 249 persons employed,C10-S951_X_K,"All activities (except agriculture, forestry and fishing, and mining and quarrying), without financial sector",E_CC,Buy cloud computing services used over the internet,PC_ENT,Percentage of enterprises,IE,Ireland,2018,,57.82
dataflow,ESTAT:ISOC_CICCE_USE$DEFAULTVIEW(1.0),Cloud computing services by size class of enterprise,A,Annual,50-249,From 50 to 249 persons employed,C10-S951_X_K,"All activities (except agriculture, forestry and fishing, and mining and quarrying), without financial sector",E_CC,Buy cloud computing services used over the internet,PC_ENT,Percentage of enterprises,IE,Ireland,2020,,64.95
dataflow,ESTAT:ISOC_CICCE_USE$DEFAULTVIEW(1.0),Cloud computing services by size class of enterprise,A,Annual,50-249,From 50 to 249 persons employed,C10-S951_X_K,"All activities (except agriculture, forestry and fishing, and mining and quarrying), without financial sector",E_CC,Buy cloud computing services used over the internet,PC_ENT,Percentage of enterprises,IE,Ireland,2021,,68.51
dataflow,ESTAT:ISOC_CICCE_USE$DEFAULTVIEW(1.0),Cloud computing services by size class of enterprise,A,Annual,50-249,From 50 to 249 persons employed,C10-S951_X_K,"All activities (except agriculture, forestry and fishing, and mining and quarrying), without financial sector",E_CC,Buy cloud computing services used over the internet,PC_ENT,Percentage of enterprises,IE,Ireland,2023,,79.08
dataflow,ESTAT:ISOC_CICCE_USE$DEFAULTVIEW(1.0),Cloud computing services by size class of enterprise,A,Annual,50-249,From 50 to 249 persons employed,C10-S951_X_K,"All activities (except agriculture, forestry and fishing, and mining and quarrying), without financial sector",E_CC1_B,"Enterprises buying only basic CC services, at least one of: CC_PEM, CC_PSOFT, CC_PFIL, CC_PCPU",PC_ENT,Percentage of enterprises,IE,Ireland,2021,,11.73
dataflow,ESTAT:ISOC_CICCE_USE$DEFAULTVIEW(1.0),Cloud computing services by size class of enterprise,A,Annual,50-249,From 50 to 249 persons employed,C10-S951_X_K,"All activities (except agriculture, forestry and fishing, and mining and quarrying), without financial sector",E_CC1_B,"Enterprises buying only basic CC services, at least one of: CC_PEM, CC_PSOFT, CC_PFIL, CC_PCPU",PC_ENT,Percentage of enterprises,IE,Ireland,2023,,7.73
dataflow,ESTAT:ISOC_CICCE_USE$DEFAULTVIEW(1.0),Cloud computing services by size class of enterprise,A,Annual,50-249,From 50 to 249 persons employed,C10-S951_X_K,"All activities (except agriculture, forestry and fishing, and mining and quarrying), without financial sector",E_CC1_I,"Enterprises buying at most  intermediate CC services, at least one of: CC_PFACC, CC_PERP, CC_PCRM",PC_ENT,Percentage of enterprises,IE,Ireland,2021,,3.06
dataflow,ESTAT:ISOC_CICCE_USE$DEFAULTVIEW(1.0),Cloud computing services by size class of enterprise,A,Annual,50-249,From 50 to 249 persons employed,C10-S951_X_K,"All activities (except agriculture, forestry and fishing, and mining and quarrying), without financial sector",E_CC1_I,"Enterprises buying at most  intermediate CC services, at least one of: CC_PFACC, CC_PERP, CC_PCRM",PC_ENT,Percentage of enterprises,IE,Ireland,2023,,14.66
dataflow,ESTAT:ISOC_CICCE_USE$DEFAULTVIEW(1.0),Cloud computing services by size class of enterprise,A,Annual,50-249,From 50 to 249 persons employed,C10-S951_X_K,"All activities (except agriculture, forestry and fishing, and mining and quarrying), without financial sector",E_CC1_S,"Enterprises buying sophisticated CC services, at least one of: CC_PSEC, CC_PDB, CC_PDEV",PC_ENT,Percentage of enterprises,IE,Ireland,2021,,53.73
dataflow,ESTAT:ISOC_CICCE_USE$DEFAULTVIEW(1.0),Cloud computing services by size class of enterprise,A,Annual,50-249,From 50 to 249 persons employed,C10-S951_X_K,"All activities (except agriculture, forestry and fishing, and mining and quarrying), without financial sector",E_CC1_S,"Enterprises buying sophisticated CC services, at least one of: CC_PSEC, CC_PDB, CC_PDEV",PC_ENT,Percentage of enterprises,IE,Ireland,2023,,56.69
dataflow,ESTAT:ISOC_CICCE_USE$DEFAULTVIEW(1.0),Cloud computing services by size class of enterprise,A,Annual,50-249,From 50 to 249 persons employed,C10-S951_X_K,"All activities (except agriculture, forestry and fishing, and mining and quarrying), without financial sector",E_CC1_SI,"Enterprises buying sophisticated or intermediate CC services, at least one of: CC_PFACC, CC_PERP, CC_PCRM, CC_PSEC, CC_PDB, CC_PDEV",PC_ENT,Percentage of enterprises,IE,Ireland,2021,,56.78
dataflow,ESTAT:ISOC_CICCE_USE$DEFAULTVIEW(1.0),Cloud computing services by size class of enterprise,A,Annual,50-249,From 50 to 249 persons employed,C10-S951_X_K,"All activities (except agriculture, forestry and fishing, and mining and quarrying), without financial sector",E_CC1_SI,"Enterprises buying sophisticated or intermediate CC services, at least one of: CC_PFACC, CC_PERP, CC_PCRM, CC_PSEC, CC_PDB, CC_PDEV",PC_ENT,Percentage of enterprises,IE,Ireland,2023,,71.35
dataflow,ESTAT:ISOC_CICCE_USE$DEFAULTVIEW(1.0),Cloud computing services by size class of enterprise,A,Annual,GE10,10 persons employed or more,C10-S951_X_K,"All activities (except agriculture, forestry and fishing, and mining and quarrying), without financial sector",E_CC,Buy cloud computing services used over the internet,PC_ENT,Percentage of enterprises,IE,Ireland,2014,,27.6
dataflow,ESTAT:ISOC_CICCE_USE$DEFAULTVIEW(1.0),Cloud computing services by size class of enterprise,A,Annual,GE10,10 persons employed or more,C10-S951_X_K,"All activities (except agriculture, forestry and fishing, and mining and quarrying), without financial sector",E_CC,Buy cloud computing services used over the internet,PC_ENT,Percentage of enterprises,IE,Ireland,2015,,35.24
dataflow,ESTAT:ISOC_CICCE_USE$DEFAULTVIEW(1.0),Cloud computing services by size class of enterprise,A,Annual,GE10,10 persons employed or more,C10-S951_X_K,"All activities (except agriculture, forestry and fishing, and mining and quarrying), without financial sector",E_CC,Buy cloud computing services used over the internet,PC_ENT,Percentage of enterprises,IE,Ireland,2016,,36.08
dataflow,ESTAT:ISOC_CICCE_USE$DEFAULTVIEW(1.0),Cloud computing services by size class of enterprise,A,Annual,GE10,10 persons employed or more,C10-S951_X_K,"All activities (except agriculture, forestry and fishing, and mining and quarrying), without financial sector",E_CC,Buy cloud computing services used over the internet,PC_ENT,Percentage of enterprises,IE,Ireland,2018,,45.18
dataflow,ESTAT:ISOC_CICCE_USE$DEFAULTVIEW(1.0),Cloud computing services by size class of enterprise,A,Annual,GE10,10 persons employed or more,C10-S951_X_K,"All activities (except agriculture, forestry and fishing, and mining and quarrying), without financial sector",E_CC,Buy cloud computing services used over the internet,PC_ENT,Percentage of enterprises,IE,Ireland,2020,,50.9
dataflow,ESTAT:ISOC_CICCE_USE$DEFAULTVIEW(1.0),Cloud computing services by size class of enterprise,A,Annual,GE10,10 persons employed or more,C10-S951_X_K,"All activities (except agriculture, forestry and fishing, and mining and quarrying), without financial sector",E_CC,Buy cloud computing services used over the internet,PC_ENT,Percentage of enterprises,IE,Ireland,2021,,58.79
dataflow,ESTAT:ISOC_CICCE_USE$DEFAULTVIEW(1.0),Cloud computing services by size class of enterprise,A,Annual,GE10,10 persons employed or more,C10-S951_X_K,"All activities (except agriculture, forestry and fishing, and mining and quarrying), without financial sector",E_CC,Buy cloud computing services used over the internet,PC_ENT,Percentage of enterprises,IE,Ireland,2023,,63.1
dataflow,ESTAT:ISOC_CICCE_USE$DEFAULTVIEW(1.0),Cloud computing services by size class of enterprise,A,Annual,GE10,10 persons employed or more,C10-S951_X_K,"All activities (except agriculture, forestry and fishing, and mining and quarrying), without financial sector",E_CC1_B,"Enterprises buying only basic CC services, at least one of: CC_PEM, CC_PSOFT, CC_PFIL, CC_PCPU",PC_ENT,Percentage of enterprises,IE,Ireland,2021,,11.4
dataflow,ESTAT:ISOC_CICCE_USE$DEFAULTVIEW(1.0),Cloud computing services by size class of enterprise,A,Annual,GE10,10 persons employed or more,C10-S951_X_K,"All activities (except agriculture, forestry and fishing, and mining and quarrying), without financial sector",E_CC1_B,"Enterprises buying only basic CC services, at least one of: CC_PEM, CC_PSOFT, CC_PFIL, CC_PCPU",PC_ENT,Percentage of enterprises,IE,Ireland,2023,,9.57
dataflow,ESTAT:ISOC_CICCE_USE$DEFAULTVIEW(1.0),Cloud computing services by size class of enterprise,A,Annual,GE10,10 persons employed or more,C10-S951_X_K,"All activities (except agriculture, forestry and fishing, and mining and quarrying), without financial sector",E_CC1_I,"Enterprises buying at most  intermediate CC services, at least one of: CC_PFACC, CC_PERP, CC_PCRM",PC_ENT,Percentage of enterprises,IE,Ireland,2021,,8.85
dataflow,ESTAT:ISOC_CICCE_USE$DEFAULTVIEW(1.0),Cloud computing services by size class of enterprise,A,Annual,GE10,10 persons employed or more,C10-S951_X_K,"All activities (except agriculture, forestry and fishing, and mining and quarrying), without financial sector",E_CC1_I,"Enterprises buying at most  intermediate CC services, at least one of: CC_PFACC, CC_PERP, CC_PCRM",PC_ENT,Percentage of enterprises,IE,Ireland,2023,,10.71
dataflow,ESTAT:ISOC_CICCE_USE$DEFAULTVIEW(1.0),Cloud computing services by size class of enterprise,A,Annual,GE10,10 persons employed or more,C10-S951_X_K,"All activities (except agriculture, forestry and fishing, and mining and quarrying), without financial sector",E_CC1_S,"Enterprises buying sophisticated CC services, at least one of: CC_PSEC, CC_PDB, CC_PDEV",PC_ENT,Percentage of enterprises,IE,Ireland,2021,,38.55
dataflow,ESTAT:ISOC_CICCE_USE$DEFAULTVIEW(1.0),Cloud computing services by size class of enterprise,A,Annual,GE10,10 persons employed or more,C10-S951_X_K,"All activities (except agriculture, forestry and fishing, and mining and quarrying), without financial sector",E_CC1_S,"Enterprises buying sophisticated CC services, at least one of: CC_PSEC, CC_PDB, CC_PDEV",PC_ENT,Percentage of enterprises,IE,Ireland,2023,,42.37
dataflow,ESTAT:ISOC_CICCE_USE$DEFAULTVIEW(1.0),Cloud computing services by size class of enterprise,A,Annual,GE10,10 persons employed or more,C10-S951_X_K,"All activities (except agriculture, forestry and fishing, and mining and quarrying), without financial sector",E_CC1_SI,"Enterprises buying sophisticated or intermediate CC services, at least one of: CC_PFACC, CC_PERP, CC_PCRM, CC_PSEC, CC_PDB, CC_PDEV",PC_ENT,Percentage of enterprises,IE,Ireland,2021,,47.39
dataflow,ESTAT:ISOC_CICCE_USE$DEFAULTVIEW(1.0),Cloud computing services by size class of enterprise,A,Annual,GE10,10 persons employed or more,C10-S951_X_K,"All activities (except agriculture, forestry and fishing, and mining and quarrying), without financial sector",E_CC1_SI,"Enterprises buying sophisticated or intermediate CC services, at least one of: CC_PFACC, CC_PERP, CC_PCRM, CC_PSEC, CC_PDB, CC_PDEV",PC_ENT,Percentage of enterprises,IE,Ireland,2023,,53.07
dataflow,ESTAT:ISOC_CICCE_USE$DEFAULTVIEW(1.0),Cloud computing services by size class of enterprise,A,Annual,GE250,250 persons employed or more,C10-S951_X_K,"All activities (except agriculture, forestry and fishing, and mining and quarrying), without financial sector",E_CC,Buy cloud computing services used over the internet,PC_ENT,Percentage of enterprises,IE,Ireland,2014,,50.05
dataflow,ESTAT:ISOC_CICCE_USE$DEFAULTVIEW(1.0),Cloud computing services by size class of enterprise,A,Annual,GE250,250 persons employed or more,C10-S951_X_K,"All activities (except agriculture, forestry and fishing, and mining and quarrying), without financial sector",E_CC,Buy cloud computing services used over the internet,PC_ENT,Percentage of enterprises,IE,Ireland,2015,,58.23
dataflow,ESTAT:ISOC_CICCE_USE$DEFAULTVIEW(1.0),Cloud computing services by size class of enterprise,A,Annual,GE250,250 persons employed or more,C10-S951_X_K,"All activities (except agriculture, forestry and fishing, and mining and quarrying), without financial sector",E_CC,Buy cloud computing services used over the internet,PC_ENT,Percentage of enterprises,IE,Ireland,2016,,63.17
dataflow,ESTAT:ISOC_CICCE_USE$DEFAULTVIEW(1.0),Cloud computing services by size class of enterprise,A,Annual,GE250,250 persons employed or more,C10-S951_X_K,"All activities (except agriculture, forestry and fishing, and mining and quarrying), without financial sector",E_CC,Buy cloud computing services used over the internet,PC_ENT,Percentage of enterprises,IE,Ireland,2018,,61.39
dataflow,ESTAT:ISOC_CICCE_USE$DEFAULTVIEW(1.0),Cloud computing services by size class of enterprise,A,Annual,GE250,250 persons employed or more,C10-S951_X_K,"All activities (except agriculture, forestry and fishing, and mining and quarrying), without financial sector",E_CC,Buy cloud computing services used over the internet,PC_ENT,Percentage of enterprises,IE,Ireland,2020,,79.19
dataflow,ESTAT:ISOC_CICCE_USE$DEFAULTVIEW(1.0),Cloud computing services by size class of enterprise,A,Annual,GE250,250 persons employed or more,C10-S951_X_K,"All activities (except agriculture, forestry and fishing, and mining and quarrying), without financial sector",E_CC,Buy cloud computing services used over the internet,PC_ENT,Percentage of enterprises,IE,Ireland,2021,,86.79
dataflow,ESTAT:ISOC_CICCE_USE$DEFAULTVIEW(1.0),Cloud computing services by size class of enterprise,A,Annual,GE250,250 persons employed or more,C10-S951_X_K,"All activities (except agriculture, forestry and fishing, and mining and quarrying), without financial sector",E_CC,Buy cloud computing services used over the internet,PC_ENT,Percentage of enterprises,IE,Ireland,2023,,86.11
dataflow,ESTAT:ISOC_CICCE_USE$DEFAULTVIEW(1.0),Cloud computing services by size class of enterprise,A,Annual,GE250,250 persons employed or more,C10-S951_X_K,"All activities (except agriculture, forestry and fishing, and mining and quarrying), without financial sector",E_CC1_B,"Enterprises buying only basic CC services, at least one of: CC_PEM, CC_PSOFT, CC_PFIL, CC_PCPU",PC_ENT,Percentage of enterprises,IE,Ireland,2021,,11.34
dataflow,ESTAT:ISOC_CICCE_USE$DEFAULTVIEW(1.0),Cloud computing services by size class of enterprise,A,Annual,GE250,250 persons employed or more,C10-S951_X_K,"All activities (except agriculture, forestry and fishing, and mining and quarrying), without financial sector",E_CC1_B,"Enterprises buying only basic CC services, at least one of: CC_PEM, CC_PSOFT, CC_PFIL, CC_PCPU",PC_ENT,Percentage of enterprises,IE,Ireland,2023,,6.44
dataflow,ESTAT:ISOC_CICCE_USE$DEFAULTVIEW(1.0),Cloud computing services by size class of enterprise,A,Annual,GE250,250 persons employed or more,C10-S951_X_K,"All activities (except agriculture, forestry and fishing, and mining and quarrying), without financial sector",E_CC1_I,"Enterprises buying at most  intermediate CC services, at least one of: CC_PFACC, CC_PERP, CC_PCRM",PC_ENT,Percentage of enterprises,IE,Ireland,2021,,10.68
dataflow,ESTAT:ISOC_CICCE_USE$DEFAULTVIEW(1.0),Cloud computing services by size class of enterprise,A,Annual,GE250,250 persons employed or more,C10-S951_X_K,"All activities (except agriculture, forestry and fishing, and mining and quarrying), without financial sector",E_CC1_I,"Enterprises buying at most  intermediate CC services, at least one of: CC_PFACC, CC_PERP, CC_PCRM",PC_ENT,Percentage of enterprises,IE,Ireland,2023,,9.2
dataflow,ESTAT:ISOC_CICCE_USE$DEFAULTVIEW(1.0),Cloud computing services by size class of enterprise,A,Annual,GE250,250 persons employed or more,C10-S951_X_K,"All activities (except agriculture, forestry and fishing, and mining and quarrying), without financial sector",E_CC1_S,"Enterprises buying sophisticated CC services, at least one of: CC_PSEC, CC_PDB, CC_PDEV",PC_ENT,Percentage of enterprises,IE,Ireland,2021,,64.77
dataflow,ESTAT:ISOC_CICCE_USE$DEFAULTVIEW(1.0),Cloud computing services by size class of enterprise,A,Annual,GE250,250 persons employed or more,C10-S951_X_K,"All activities (except agriculture, forestry and fishing, and mining and quarrying), without financial sector",E_CC1_S,"Enterprises buying sophisticated CC services, at least one of: CC_PSEC, CC_PDB, CC_PDEV",PC_ENT,Percentage of enterprises,IE,Ireland,2023,,70.3
dataflow,ESTAT:ISOC_CICCE_USE$DEFAULTVIEW(1.0),Cloud computing services by size class of enterprise,A,Annual,GE250,250 persons employed or more,C10-S951_X_K,"All activities (except agriculture, forestry and fishing, and mining and quarrying), without financial sector",E_CC1_SI,"Enterprises buying sophisticated or intermediate CC services, at least one of: CC_PFACC, CC_PERP, CC_PCRM, CC_PSEC, CC_PDB, CC_PDEV",PC_ENT,Percentage of enterprises,IE,Ireland,2021,,75.45
dataflow,ESTAT:ISOC_CICCE_USE$DEFAULTVIEW(1.0),Cloud computing services by size class of enterprise,A,Annual,GE250,250 persons employed or more,C10-S951_X_K,"All activities (except agriculture, forestry and fishing, and mining and quarrying), without financial sector",E_CC1_SI,"Enterprises buying sophisticated or intermediate CC services, at least one of: CC_PFACC, CC_PERP, CC_PCRM, CC_PSEC, CC_PDB, CC_PDEV",PC_ENT,Percentage of enterprises,IE,Ireland,2023,,79.5
